{"cameraMode":{"drawMode":0,"name":"Shaded","section":"Shading Mode"},"sceneLighting":false,"audioPlay":false,"sceneViewState":{"m_AlwaysRefresh":false,"showFog":true,"showSkybox":false,"showFlares":true,"showImageEffects":true,"showParticleSystems":true,"showVisualEffectGraphs":true,"m_FxEnabled":true},"in2DMode":false,"pivot":{"x":28.31804084777832,"y":4.513732433319092,"z":-59.69145202636719},"rotation":{"x":-0.0001728790084598586,"y":0.8297154307365418,"z":-0.00025688749155960977,"w":-0.5581871271133423},"size":1.0945837497711182,"orthographic":false}